,folds,test_auc,test_acc
0,0,0.9874509495388616,0.9340659340659341
1,1,0.9840492332250573,0.8571428571428572
2,2,0.9827681805860173,0.9157894736842105
3,3,0.9747747440865419,0.88
4,4,0.9752782230894019,0.8764044943820225
5,5,0.9877359036573529,0.9239130434782609
6,6,0.9851700395656441,0.9230769230769231
7,7,0.9803246606649503,0.9175257731958762
8,8,0.9727786666765993,0.8764044943820225
9,9,0.9942561508495574,0.9010989010989011
