,folds,test_auc,test_acc
0,0,0.6554621848739496,0.7804878048780488
1,1,0.7536945812807881,0.6666666666666667
2,2,0.7714285714285715,0.8333333333333334
3,3,0.6153846153846154,0.6363636363636364
4,4,0.6926406926406926,0.725
